url,label
https://google.com,0
https://github.com,0
https://wikipedia.org,0
https://amazon.com,0
https://paypal.com,0
https://microsoft.com,0
https://apple.com,0
https://netflix.com,0
https://stackoverflow.com,0
https://python.org,0
https://linkedin.com,0
https://cnn.com,0
https://medium.com,0
https://reddit.com,0
https://zoom.us,0
https://slack.com,0
https://spotify.com,0
https://nytimes.com,0
https://salesforce.com,0
https://dropbox.com,0
https://bitbucket.org,0
https://cloudflare.com,0
https://digitalocean.com,0
https://coursera.org,0
https://udemy.com,0
http://paypal-security-update-verification.com/login,1
http://signin-amazon-update-account-security.info,1
http://192.168.100.250/signin.php?email=user@domain.com,1
http://secure-login-chase-bank-verify-profile.net/auth,1
http://free-crypto-reward-binance.com/claim-bonus,1
http://netflix-billing-renew-invoice.xyz/payment,1
http://wallet-recover-crypto-key.gq/login,1
https://paypal-verify-account-support.online/security,1
http://apple-icloud-security-alert-verify.top,1
http://facebook-security-check-login.fit/verify,1
http://steam-community-gift-inventory-trade.link/login,1
http://wells-fargo-signin-verify-portal.cn/home,1
http://ebay-member-invoice-payment.work/confirm,1
http://10.0.0.99/secure/update,1
https://coinbase-auth-wallet-recovery.club,1
http://verify-bankofamerica-card-activation.xyz,1
http://paypal.com.verify.accounts-security-update.xyz/signin,1
http://recover-password-reset-account.cf,1
http://chase-bank-verification-billing-secure.date,1
http://amazon-gift-card-free-rewards.men,1
http://microsoft-office-outlook-webmail-update.support,1
http://login-confirm-identity-verification.ga,1
http://invoice-payment-overdue-download-pdf.ru,1
http://secure-webscr-paypal-login.cf/webscr,1
http://binance-bonus-rewards-free-gift.gq,1
